model,term,beta,SE,OR,lower95_model_based,upper95_model_based,p_model_based,N,AIC,deviance
Model 1: livelihood + context,Intercept,-2.855548724205273,0.21820492826391613,0.05752424751208059,0.0375068992247004,0.08822480984116975,3.930826337645051e-39,7212,4562.467054725043,4510.4670547250425
Model 1: livelihood + context,"C(livelihood, Treatment(reference='Other'))[T.Agriculture only]",0.35020299445524067,0.22175891946375811,1.4193556406767922,0.919022671028808,2.1920791491093454,0.11428883663746682,7212,4562.467054725043,4510.4670547250425
Model 1: livelihood + context,"C(livelihood, Treatment(reference='Other'))[T.Livestock only]",0.48461218608818074,0.10957899940993246,1.6235452533024435,1.3097513987332248,2.0125187055118277,9.7569219412557e-06,7212,4562.467054725043,4510.4670547250425
Model 1: livelihood + context,"C(livelihood, Treatment(reference='Other'))[T.Mixed crop-livestock]",0.9549136522105505,0.1540916773610194,2.598446203146667,1.9210923654306236,3.5146267780486697,5.753164906789967e-10,7212,4562.467054725043,4510.4670547250425
Model 1: livelihood + context,"C(ea_type_n, Treatment(reference='Urban'))[T.Rural]",0.40288046028740965,0.1055460674096789,1.4961280342583005,1.2165392752428237,1.8399727328546935,0.00013502651612468688,7212,4562.467054725043,4510.4670547250425
Model 1: livelihood + context,"C(ea_type_n, Treatment(reference='Urban'))[T.Nomadic]",0.8209286424320499,0.13587302173802446,2.272609299339776,1.7412748542812626,2.9660756972094786,1.5232770426164467e-09,7212,4562.467054725043,4510.4670547250425
Model 1: livelihood + context,"C(school_cat, Treatment(reference='Never attended'))[T.Ever attended]",-0.04794242793387542,0.094218871522419,0.9531886625385516,0.7924614514495252,1.146514602988109,0.610863654926598,7212,4562.467054725043,4510.4670547250425
Model 1: livelihood + context,"C(school_cat, Treatment(reference='Never attended'))[T.Unknown]",-0.7067705140453341,0.26731951949881677,0.49323452207465873,0.29208314553503567,0.8329145227485756,0.008195284705801876,7212,4562.467054725043,4510.4670547250425
Model 1: livelihood + context,C(region_n)[T.Bakool],1.9828753522315432,0.221233261904325,7.263598391316438,4.707976316470448,11.206484069547871,3.164601564671956e-19,7212,4562.467054725043,4510.4670547250425
Model 1: livelihood + context,C(region_n)[T.Banadir],-2.1373734724229854,0.4446314110510382,0.11796427289670779,0.049348345569951074,0.28198654928205613,1.5315983024008116e-06,7212,4562.467054725043,4510.4670547250425
Model 1: livelihood + context,C(region_n)[T.Bari],0.5480591690339337,0.22410464515002312,1.729892329057672,1.114955021392237,2.6839894100802626,0.014463129595610025,7212,4562.467054725043,4510.4670547250425
Model 1: livelihood + context,C(region_n)[T.Bay],1.2265168022220005,0.21888280368181187,3.4093334474136174,2.2199984706901708,5.2358389922852515,2.1002727772961612e-08,7212,4562.467054725043,4510.4670547250425
Model 1: livelihood + context,C(region_n)[T.Galgaduud],0.5508208006645392,0.22627111693975444,1.7346762571142305,1.1133009281698367,2.70286464410168,0.01491897949229654,7212,4562.467054725043,4510.4670547250425
Model 1: livelihood + context,C(region_n)[T.Gedo],0.05543501239718013,0.27959884640360483,1.0570003229231464,0.6110486334152374,1.8284136835642184,0.8428367627666458,7212,4562.467054725043,4510.4670547250425
Model 1: livelihood + context,C(region_n)[T.Hiraan],-0.3795132560513042,0.27987041094097587,0.6841943556382921,0.395320179466836,1.184158918774773,0.17508896062554313,7212,4562.467054725043,4510.4670547250425
Model 1: livelihood + context,C(region_n)[T.Lower Juba],1.6304763096772266,0.22221960761757478,5.106306322508797,3.3033129157342205,7.893398210958713,2.1806015548042382e-13,7212,4562.467054725043,4510.4670547250425
Model 1: livelihood + context,C(region_n)[T.Lower Shabelle],0.04150943530493669,0.2314467019921632,1.0423829970065122,0.6622407618294216,1.6407360813107912,0.8576646892698179,7212,4562.467054725043,4510.4670547250425
Model 1: livelihood + context,C(region_n)[T.Waqooyi Galbeed],0.09168487615630186,0.22359306268900456,1.096019385814448,0.7071181399341036,1.69880876509974,0.6817674955346864,7212,4562.467054725043,4510.4670547250425
Model 1: livelihood + context,C(region_n)[T.Middle Shabelle],-0.4045362871572617,0.2982665560387769,0.6672861682924422,0.3718968541327191,1.197296576850057,0.1750065535529376,7212,4562.467054725043,4510.4670547250425
Model 1: livelihood + context,C(region_n)[T.Mudug],-1.163641938093356,0.3280714059754262,0.31234656009252526,0.16420134450114954,0.5941508816387949,0.0003897678569584884,7212,4562.467054725043,4510.4670547250425
Model 1: livelihood + context,C(region_n)[T.Nugaal],0.3222288763280587,0.28555686727996066,1.380200635062869,0.7886263980366016,2.415533892563832,0.25914140832221266,7212,4562.467054725043,4510.4670547250425
Model 1: livelihood + context,C(region_n)[T.Sanaag],0.8084189449170389,0.22573266501623568,2.244356728435321,1.4419306164108783,3.4933283662502976,0.0003418740094449365,7212,4562.467054725043,4510.4670547250425
Model 1: livelihood + context,C(region_n)[T.Sool],0.9310216668389375,0.24659221854755412,2.5370999248125057,1.5647106496345697,4.113780416837401,0.0001596539130092161,7212,4562.467054725043,4510.4670547250425
Model 1: livelihood + context,C(region_n)[T.Togdheer],0.8644302523421821,0.2205872419617036,2.37365331722733,1.5404572040296731,3.657505093712282,8.900268518115221e-05,7212,4562.467054725043,4510.4670547250425
Model 1: livelihood + context,hhsize,1.8129409769696014e-05,0.015045459774149141,1.0000181295741084,0.9709590624768859,1.0299468825450142,0.9990385689192381,7212,4562.467054725043,4510.4670547250425
Model 1: livelihood + context,female_head,-0.0850280038573763,0.08379673944091569,0.9184865628745993,0.7793698166951565,1.0824355114988609,0.3102519704566812,7212,4562.467054725043,4510.4670547250425
Model 2: + rainy-season source,Intercept,-2.9825741302751676,0.23450390967012935,0.05066225462956988,0.03199416318690454,0.08022288406661407,4.65813991380118e-37,7212,4124.680699079291,4062.680699079291
Model 2: + rainy-season source,"C(livelihood, Treatment(reference='Other'))[T.Agriculture only]",0.16834228560543887,0.2376054331891077,1.1833415821257822,0.7427733236031905,1.8852283132559375,0.4786378528175418,7212,4124.680699079291,4062.680699079291
Model 2: + rainy-season source,"C(livelihood, Treatment(reference='Other'))[T.Livestock only]",0.37672602274964534,0.11730848906172578,1.457504931469992,1.1581239184636727,1.8342774822208978,0.001320838952472093,7212,4124.680699079291,4062.680699079291
Model 2: + rainy-season source,"C(livelihood, Treatment(reference='Other'))[T.Mixed crop-livestock]",0.6626424583088473,0.1648275047368244,1.93991170336262,1.4043584075017896,2.6796987127650076,5.814437655007781e-05,7212,4124.680699079291,4062.680699079291
Model 2: + rainy-season source,"C(ea_type_n, Treatment(reference='Urban'))[T.Rural]",0.004351717604932942,0.11775435516648886,1.0043612000780149,0.7973617460620765,1.2650988402742076,0.9705201722564301,7212,4124.680699079291,4062.680699079291
Model 2: + rainy-season source,"C(ea_type_n, Treatment(reference='Urban'))[T.Nomadic]",0.06047386121865379,0.15562799022285914,1.0623398289389034,0.7830513534651512,1.4412412508526034,0.6975871645656055,7212,4124.680699079291,4062.680699079291
Model 2: + rainy-season source,"C(school_cat, Treatment(reference='Never attended'))[T.Ever attended]",-0.04340767269061095,0.100069461081396,0.9575209553434697,0.7869867896505335,1.1650086024048796,0.6644515312354302,7212,4124.680699079291,4062.680699079291
Model 2: + rainy-season source,"C(school_cat, Treatment(reference='Never attended'))[T.Unknown]",-0.7869938981152209,0.2814807729876578,0.455211151651139,0.2621872821614964,0.7903403661658888,0.0051754384930232655,7212,4124.680699079291,4062.680699079291
Model 2: + rainy-season source,C(region_n)[T.Bakool],1.0771718397010457,0.2433737003659295,2.9363632906679307,1.8224092455562466,4.731225654065682,9.599681251190919e-06,7212,4124.680699079291,4062.680699079291
Model 2: + rainy-season source,C(region_n)[T.Banadir],-2.2360099523906993,0.4492660594215099,0.10688412744360938,0.04430882424593346,0.2578316372371405,6.456783964707563e-07,7212,4124.680699079291,4062.680699079291
Model 2: + rainy-season source,C(region_n)[T.Bari],0.2801405801989426,0.23802674354165756,1.3233158312646647,0.8299483266790735,2.1099684558468126,0.2392238410682097,7212,4124.680699079291,4062.680699079291
Model 2: + rainy-season source,C(region_n)[T.Bay],1.0100975389325413,0.22889544190847647,2.745868831070139,1.7532346843008848,4.3005056339328815,1.0198514279071903e-05,7212,4124.680699079291,4062.680699079291
Model 2: + rainy-season source,C(region_n)[T.Galgaduud],0.33440829149062523,0.2435795298810035,1.3971134566753882,0.8667474927913189,2.2520122954580084,0.1697860470875039,7212,4124.680699079291,4062.680699079291
Model 2: + rainy-season source,C(region_n)[T.Gedo],-0.8066779292702382,0.2996434684339157,0.4463383736652432,0.2480861715106357,0.8030191388462521,0.007099814696824036,7212,4124.680699079291,4062.680699079291
Model 2: + rainy-season source,C(region_n)[T.Hiraan],-1.025893082808222,0.29815189001147097,0.3584761734959346,0.1998334943894675,0.6430612013111074,0.0005799103813938063,7212,4124.680699079291,4062.680699079291
Model 2: + rainy-season source,C(region_n)[T.Lower Juba],0.5836545284073397,0.24493992243905716,1.7925775002617412,1.1091259585654918,2.8971768892693275,0.017179300494927136,7212,4124.680699079291,4062.680699079291
Model 2: + rainy-season source,C(region_n)[T.Lower Shabelle],-0.021334207364123406,0.24193030042501615,0.9788917570610363,0.6092554773525082,1.5727869632062783,0.9297310063619034,7212,4124.680699079291,4062.680699079291
Model 2: + rainy-season source,C(region_n)[T.Waqooyi Galbeed],-0.207112535846482,0.241166322534007,0.8129281612810292,0.5067190717803467,1.30417865086835,0.39045338891415227,7212,4124.680699079291,4062.680699079291
Model 2: + rainy-season source,C(region_n)[T.Middle Shabelle],-1.076108858434019,0.3177003289995127,0.34091951415321586,0.1829026009136039,0.635453594152909,0.0007061450811998351,7212,4124.680699079291,4062.680699079291
Model 2: + rainy-season source,C(region_n)[T.Mudug],-1.1172810627952865,0.336391762291789,0.3271681360207606,0.169210983961449,0.6325770746164173,0.0008957712539207553,7212,4124.680699079291,4062.680699079291
Model 2: + rainy-season source,C(region_n)[T.Nugaal],0.07715293381201502,0.3005617479813235,1.0802072639755411,0.5993268967600196,1.9469303638023598,0.7974136257014321,7212,4124.680699079291,4062.680699079291
Model 2: + rainy-season source,C(region_n)[T.Sanaag],0.938439095313178,0.23808871465365158,2.5559886483126135,1.6028530772997611,4.075905685197835,8.095601401181417e-05,7212,4124.680699079291,4062.680699079291
Model 2: + rainy-season source,C(region_n)[T.Sool],0.7987154051889584,0.26383402905910563,2.2226838456537528,1.325249453132166,3.727844192694387,0.0024671598909271277,7212,4124.680699079291,4062.680699079291
Model 2: + rainy-season source,C(region_n)[T.Togdheer],0.5835597732140587,0.23565028650760977,1.792407652281349,1.1293985243297977,2.8446337787303357,0.013272204866457268,7212,4124.680699079291,4062.680699079291
Model 2: + rainy-season source,"C(rain_family, Treatment(reference='Private piped'))[T.Delivered/vendor]",0.19646567302186216,0.15687117433243955,1.2170935410177357,0.8949371123831366,1.6552187489939696,0.21042364881784126,7212,4124.680699079291,4062.680699079291
Model 2: + rainy-season source,"C(rain_family, Treatment(reference='Private piped'))[T.Groundwater]",0.41847720421526735,0.13319691044579504,1.519645682725477,1.1704768849515739,1.9729761695565002,0.001679163463136124,7212,4124.680699079291,4062.680699079291
Model 2: + rainy-season source,"C(rain_family, Treatment(reference='Private piped'))[T.Other/social]",0.3202540521892556,0.7013825892016153,1.3774776711047796,0.3483819573042924,5.446449492029618,0.647955748264244,7212,4124.680699079291,4062.680699079291
Model 2: + rainy-season source,"C(rain_family, Treatment(reference='Private piped'))[T.Public network]",1.2981824233750465,0.1894560577908484,3.662633497012094,2.5265343716371067,5.309598905136865,7.274526884572479e-12,7212,4124.680699079291,4062.680699079291
Model 2: + rainy-season source,"C(rain_family, Treatment(reference='Private piped'))[T.Rain/surface]",2.4684320261948662,0.14225685802307556,11.803924090067785,8.931716417893924,15.599759039028791,1.9070437134778754e-67,7212,4124.680699079291,4062.680699079291
Model 2: + rainy-season source,hhsize,0.014254637597405013,0.015917882862320765,1.0143567194136265,0.9831983363459607,1.0465025378740327,0.37051404204141103,7212,4124.680699079291,4062.680699079291
Model 2: + rainy-season source,female_head,-0.0998865223620515,0.08913966156921573,0.9049401026749807,0.7598758160116111,1.077697924020905,0.2624743242530727,7212,4124.680699079291,4062.680699079291
Model 3: + road distance,Intercept,-3.0420728014227825,0.24599277223112306,0.04773583995767018,0.02947482897366321,0.0773103863808814,3.9667144818696115e-35,6725,3669.4975054002953,3605.4975054002953
Model 3: + road distance,"C(livelihood, Treatment(reference='Other'))[T.Agriculture only]",0.1216920607621489,0.24675388589053254,1.129406259723115,0.6963202775611271,1.8318560303448586,0.6218911939420273,6725,3669.4975054002953,3605.4975054002953
Model 3: + road distance,"C(livelihood, Treatment(reference='Other'))[T.Livestock only]",0.4328612259007631,0.12282601530565786,1.5416622630632024,1.2118186356555996,1.9612856770991451,0.00042479244671136333,6725,3669.4975054002953,3605.4975054002953
Model 3: + road distance,"C(livelihood, Treatment(reference='Other'))[T.Mixed crop-livestock]",0.7209833442180424,0.1725400296114137,2.056454419271968,1.4663918888307228,2.883952653281072,2.932524113212238e-05,6725,3669.4975054002953,3605.4975054002953
Model 3: + road distance,"C(ea_type_n, Treatment(reference='Urban'))[T.Rural]",-0.10251525854640155,0.12256324350552728,0.9025643778274166,0.7098232981140431,1.147641192233889,0.40291448770136806,6725,3669.4975054002953,3605.4975054002953
Model 3: + road distance,"C(ea_type_n, Treatment(reference='Urban'))[T.Nomadic]",-0.3103220309459762,0.16898935522275405,0.733210801633737,0.5264804041534217,1.0211169786971321,0.06630728383678855,6725,3669.4975054002953,3605.4975054002953
Model 3: + road distance,"C(school_cat, Treatment(reference='Never attended'))[T.Ever attended]",-0.04100111116653428,0.104702876982646,0.9598280634183837,0.7817511981044529,1.1784694587732376,0.6953575671835706,6725,3669.4975054002953,3605.4975054002953
Model 3: + road distance,"C(school_cat, Treatment(reference='Never attended'))[T.Unknown]",-0.786894007763974,0.29888804690581805,0.4552566251241117,0.2534181013621708,0.8178523696821237,0.008469958273586233,6725,3669.4975054002953,3605.4975054002953
Model 3: + road distance,C(region_n)[T.Bakool],0.9954403881418377,0.24959945095564004,2.7059157321242364,1.659017341717966,4.413443889486589,6.659017629506207e-05,6725,3669.4975054002953,3605.4975054002953
Model 3: + road distance,C(region_n)[T.Banadir],-2.358132910875739,0.47880623687865925,0.09459667884609407,0.037009037657253975,0.2417931460846051,8.434936757049807e-07,6725,3669.4975054002953,3605.4975054002953
Model 3: + road distance,C(region_n)[T.Bari],0.00875314927323497,0.2699032787269119,1.008791570103605,0.594367611162847,1.7121734307175673,0.9741285891279836,6725,3669.4975054002953,3605.4975054002953
Model 3: + road distance,C(region_n)[T.Bay],1.0423039884238883,0.2391374416586472,2.83574301262667,1.774634706819509,4.531320391041379,1.3089827074871399e-05,6725,3669.4975054002953,3605.4975054002953
Model 3: + road distance,C(region_n)[T.Galgaduud],0.6223704082317123,0.25125240689998724,1.8633396868129757,1.1387323735569297,3.049034934878575,0.013246501997240047,6725,3669.4975054002953,3605.4975054002953
Model 3: + road distance,C(region_n)[T.Gedo],-0.9017328084418144,0.31961776898712363,0.4058657624377376,0.21692933239257245,0.7593579683408744,0.004783169189730041,6725,3669.4975054002953,3605.4975054002953
Model 3: + road distance,C(region_n)[T.Hiraan],-0.9704593152049429,0.30664176524672593,0.37890895948160136,0.20773809006673624,0.6911202443870889,0.0015519053009862495,6725,3669.4975054002953,3605.4975054002953
Model 3: + road distance,C(region_n)[T.Lower Juba],0.5587964324653071,0.25478320922957315,1.748566715192357,1.0612222844724186,2.881098147122497,0.02829130547349277,6725,3669.4975054002953,3605.4975054002953
Model 3: + road distance,C(region_n)[T.Lower Shabelle],0.06049273063310231,0.24762591653645502,1.0623598748585477,0.6538651994765187,1.7260568456816905,0.8070056163948836,6725,3669.4975054002953,3605.4975054002953
Model 3: + road distance,C(region_n)[T.Waqooyi Galbeed],-0.27091501290108827,0.25559508239194906,0.762681311722871,0.46214278630243555,1.2586646389210414,0.28917267750621056,6725,3669.4975054002953,3605.4975054002953
Model 3: + road distance,C(region_n)[T.Middle Shabelle],-1.1610863517617087,0.32748176007736196,0.3131458095327143,0.16481187591480087,0.594983204235786,0.0003918700255667149,6725,3669.4975054002953,3605.4975054002953
Model 3: + road distance,C(region_n)[T.Mudug],-1.9925315603869955,0.6165044339377231,0.13634981037867008,0.04072633879892135,0.4564925632547083,0.0012293457153116538,6725,3669.4975054002953,3605.4975054002953
Model 3: + road distance,C(region_n)[T.Nugaal],0.19411216839222253,0.3114843170486096,1.214232473822308,0.6594183680547897,2.2358499124521516,0.5331633494482513,6725,3669.4975054002953,3605.4975054002953
Model 3: + road distance,C(region_n)[T.Sanaag],0.9425863591973572,0.2463185088032028,2.5666110193848737,1.5837604991726295,4.159399182053868,0.00012987408767021634,6725,3669.4975054002953,3605.4975054002953
Model 3: + road distance,C(region_n)[T.Sool],1.0109567210648416,0.276700422343618,2.748229046289616,1.5977939446778953,4.726994313645694,0.00025857423385255697,6725,3669.4975054002953,3605.4975054002953
Model 3: + road distance,C(region_n)[T.Togdheer],0.28556348220923794,0.2547993976273375,1.3305115365143314,0.8074748764374128,2.1923418306314817,0.2623992099661304,6725,3669.4975054002953,3605.4975054002953
Model 3: + road distance,"C(rain_family, Treatment(reference='Private piped'))[T.Delivered/vendor]",0.2541711669640543,0.17534383148933885,1.289392486777924,0.9143857571847122,1.8181965017457242,0.14718163507294654,6725,3669.4975054002953,3605.4975054002953
Model 3: + road distance,"C(rain_family, Treatment(reference='Private piped'))[T.Groundwater]",0.6403647286364973,0.1393084377170819,1.897172706347101,1.443860155719164,2.492806705311185,4.291516922358731e-06,6725,3669.4975054002953,3605.4975054002953
Model 3: + road distance,"C(rain_family, Treatment(reference='Private piped'))[T.Other/social]",0.6705731170914607,0.7046221513198713,1.9553576484540112,0.4914051692601381,7.780592823482431,0.3412605135319867,6725,3669.4975054002953,3605.4975054002953
Model 3: + road distance,"C(rain_family, Treatment(reference='Private piped'))[T.Public network]",1.5307743197405692,0.20783919718985527,4.621754152598722,3.0753216371892065,6.945813793508371,1.769002064885267e-13,6725,3669.4975054002953,3605.4975054002953
Model 3: + road distance,"C(rain_family, Treatment(reference='Private piped'))[T.Rain/surface]",2.62403288702314,0.15086087453947336,13.79123005691203,10.260951486575614,18.536100353998314,9.204891909537437e-68,6725,3669.4975054002953,3605.4975054002953
Model 3: + road distance,hhsize,0.007813483369295935,0.016936852546336093,1.0078440882888922,0.9749366859095172,1.0418622265211783,0.6445616450088311,6725,3669.4975054002953,3605.4975054002953
Model 3: + road distance,female_head,-0.05504384852507734,0.09507484112999456,0.9464436468856254,0.7855347859673777,1.14031306153686,0.5626210002479735,6725,3669.4975054002953,3605.4975054002953
Model 3: + road distance,road_cap99,0.07580510334940216,0.014862460525447766,1.0787523084561663,1.047781090238554,1.1106390006853055,3.3886296284556483e-07,6725,3669.4975054002953,3605.4975054002953
